"Id","TableEnumOrId","FieldEnumOrId","CreatedById","CreatedDate"
"737f4000003JYhFAAW","Case","Asset","005f4000002PEo1AAG","2018-05-20 01:16:58"
"737f4000003JYhGAAW","Case","Contact","005f4000002PEo1AAG","2018-05-20 01:16:58"
"737f4000003JYhHAAW","Case","CurrencyIsoCode","005f4000002PEo1AAG","2018-05-20 01:16:58"
"737f4000003JYhIAAW","Case","Description","005f4000002PEo1AAG","2018-05-20 01:16:58"
"737f4000003JYhJAAW","Case","IsVisibleInCss","005f4000002PEo1AAG","2018-05-20 01:16:58"
"737f4000003JYhKAAW","Case","Origin","005f4000002PEo1AAG","2018-05-20 01:16:58"
"737f4000003JYhLAAW","Case","Owner","005f4000002PEo1AAG","2018-05-20 01:16:58"
"737f4000003JYhMAAW","Case","Priority","005f4000002PEo1AAG","2018-05-20 01:16:58"
"737f4000003JYhNAAW","Case","Reason","005f4000002PEo1AAG","2018-05-20 01:16:58"
"737f4000003JYhOAAW","Case","RecordType","005f4000002PEo1AAG","2018-05-20 01:16:58"
"737f4000003JYhPAAW","Case","Status","005f4000002PEo1AAG","2018-05-20 01:16:58"
"737f4000003JYhQAAW","Case","Subject","005f4000002PEo1AAG","2018-05-20 01:16:58"
"737f4000003JYhRAAW","Case","Type","005f4000002PEo1AAG","2018-05-20 01:16:58"
"737f4000003JYhSAAW","Contract","Account","005f4000002PEo1AAG","2018-05-20 01:16:58"
"737f4000003JYhTAAW","Contract","AutoRenewCode","005f4000002PEo1AAG","2018-05-20 01:16:58"
"737f4000003JYhUAAW","Contract","BankAccountName","005f4000002PEo1AAG","2018-05-20 01:16:58"
"737f4000003JYhVAAW","Contract","BankAccountNumber","005f4000002PEo1AAG","2018-05-20 01:16:58"
"737f4000003JYhWAAW","Contract","BankAccountType","005f4000002PEo1AAG","2018-05-20 01:16:58"
"737f4000003JYhXAAW","Contract","BankAddress","005f4000002PEo1AAG","2018-05-20 01:16:58"
"737f4000003JYhYAAW","Contract","BankBranchCode","005f4000002PEo1AAG","2018-05-20 01:16:58"
"737f4000003JYhZAAW","Contract","BankCode","005f4000002PEo1AAG","2018-05-20 01:16:58"
"737f4000003JYhaAAG","Contract","BankName","005f4000002PEo1AAG","2018-05-20 01:16:58"
"737f4000003JYhbAAG","Contract","BankReferenceNumber","005f4000002PEo1AAG","2018-05-20 01:16:58"
"737f4000003JYhcAAG","Contract","BillingAddress","005f4000002PEo1AAG","2018-05-20 01:16:58"
"737f4000003JYhdAAG","Contract","BillingCompany","005f4000002PEo1AAG","2018-05-20 01:16:58"
"737f4000003JYheAAG","Contract","BillingEmail","005f4000002PEo1AAG","2018-05-20 01:16:58"
"737f4000003JYhfAAG","Contract","BillingFax","005f4000002PEo1AAG","2018-05-20 01:16:58"
"737f4000003JYhgAAG","Contract","BillingLanguage","005f4000002PEo1AAG","2018-05-20 01:16:58"
"737f4000003JYhhAAG","Contract","BillingName","005f4000002PEo1AAG","2018-05-20 01:16:58"
"737f4000003JYhiAAG","Contract","BillingPhone","005f4000002PEo1AAG","2018-05-20 01:16:58"
"737f4000003JYhjAAG","Contract","CompanySigned","005f4000002PEo1AAG","2018-05-20 01:16:58"
"737f4000003JYhkAAG","Contract","CompanySignedDate","005f4000002PEo1AAG","2018-05-20 01:16:58"
"737f4000003JYhlAAG","Contract","ContractTerm","005f4000002PEo1AAG","2018-05-20 01:16:58"
"737f4000003JYhmAAG","Contract","CreditCardExpirationDate","005f4000002PEo1AAG","2018-05-20 01:16:58"
"737f4000003JYhnAAG","Contract","CreditCardNumber","005f4000002PEo1AAG","2018-05-20 01:16:58"
"737f4000003JYhoAAG","Contract","CreditCardType","005f4000002PEo1AAG","2018-05-20 01:16:58"
"737f4000003JYhpAAG","Contract","CurrencyIsoCode","005f4000002PEo1AAG","2018-05-20 01:16:58"
"737f4000003JYhqAAG","Contract","CustomerExpirationNotice","005f4000002PEo1AAG","2018-05-20 01:16:58"
"737f4000003JYhrAAG","Contract","CustomerSigned","005f4000002PEo1AAG","2018-05-20 01:16:58"
"737f4000003JYhsAAG","Contract","CustomerSignedDate","005f4000002PEo1AAG","2018-05-20 01:16:58"
"737f4000003JYhtAAG","Contract","CustomerSignedTitle","005f4000002PEo1AAG","2018-05-20 01:16:58"
"737f4000003JYhuAAG","Contract","Description","005f4000002PEo1AAG","2018-05-20 01:16:58"
"737f4000003JYhvAAG","Contract","EndDate","005f4000002PEo1AAG","2018-05-20 01:16:58"
"737f4000003JYhwAAG","Contract","InvoiceDispatchMethod","005f4000002PEo1AAG","2018-05-20 01:16:58"
"737f4000003JYhxAAG","Contract","IsDunningSuppressed","005f4000002PEo1AAG","2018-05-20 01:16:58"
"737f4000003JYhyAAG","Contract","Name","005f4000002PEo1AAG","2018-05-20 01:16:58"
"737f4000003JYhzAAG","Contract","NameOnCreditCard","005f4000002PEo1AAG","2018-05-20 01:16:58"
"737f4000003JYi0AAG","Contract","OfferExpirationDate","005f4000002PEo1AAG","2018-05-20 01:16:58"
"737f4000003JYi1AAG","Contract","OrderPrebillDays","005f4000002PEo1AAG","2018-05-20 01:16:58"
"737f4000003JYi2AAG","Contract","Owner","005f4000002PEo1AAG","2018-05-20 01:16:58"
"737f4000003JYi3AAG","Contract","OwnerExpirationNotice","005f4000002PEo1AAG","2018-05-20 01:16:58"
"737f4000003JYi4AAG","Contract","PaymentTerm","005f4000002PEo1AAG","2018-05-20 01:16:58"
"737f4000003JYi5AAG","Contract","PaymentType","005f4000002PEo1AAG","2018-05-20 01:16:58"
"737f4000003JYi6AAG","Contract","Pricebook2","005f4000002PEo1AAG","2018-05-20 01:16:58"
"737f4000003JYi7AAG","Contract","RecordType","005f4000002PEo1AAG","2018-05-20 01:16:58"
"737f4000003JYi8AAG","Contract","RenewalDays","005f4000002PEo1AAG","2018-05-20 01:16:58"
"737f4000003JYi9AAG","Contract","RenewalTerm","005f4000002PEo1AAG","2018-05-20 01:16:58"
"737f4000003JYiAAAW","Contract","Salesrep1","005f4000002PEo1AAG","2018-05-20 01:16:58"
"737f4000003JYiBAAW","Contract","Salesrep1Percent","005f4000002PEo1AAG","2018-05-20 01:16:58"
"737f4000003JYiCAAW","Contract","Salesrep2","005f4000002PEo1AAG","2018-05-20 01:16:58"
"737f4000003JYiDAAW","Contract","Salesrep2Percent","005f4000002PEo1AAG","2018-05-20 01:16:58"
"737f4000003JYiEAAW","Contract","Salesrep3","005f4000002PEo1AAG","2018-05-20 01:16:58"
"737f4000003JYiFAAW","Contract","Salesrep3Percent","005f4000002PEo1AAG","2018-05-20 01:16:58"
"737f4000003JYiGAAW","Contract","ShippingAddress","005f4000002PEo1AAG","2018-05-20 01:16:58"
"737f4000003JYiHAAW","Contract","SpecialTerms","005f4000002PEo1AAG","2018-05-20 01:16:58"
"737f4000003JYiIAAW","Contract","StartDate","005f4000002PEo1AAG","2018-05-20 01:16:58"
"737f4000003JYiJAAW","Contract","Status","005f4000002PEo1AAG","2018-05-20 01:16:58"
"737f4000003JYiKAAW","Contract","TaxExemptionCode","005f4000002PEo1AAG","2018-05-20 01:16:58"
"737f4000003JYiLAAW","Order","BillToContact","005f4000002PEo1AAG","2018-05-20 01:16:58"
"737f4000003JYiMAAW","Order","BillingAddress","005f4000002PEo1AAG","2018-05-20 01:16:58"
"737f4000003JYiNAAW","Order","CompanyAuthorizedBy","005f4000002PEo1AAG","2018-05-20 01:16:58"
"737f4000003JYiOAAW","Order","CompanyAuthorizedDate","005f4000002PEo1AAG","2018-05-20 01:16:58"
"737f4000003JYiPAAW","Order","CustomerAuthorizedBy","005f4000002PEo1AAG","2018-05-20 01:16:58"
"737f4000003JYiQAAW","Order","CustomerAuthorizedDate","005f4000002PEo1AAG","2018-05-20 01:16:58"
"737f4000003JYiRAAW","Order","Description","005f4000002PEo1AAG","2018-05-20 01:16:58"
"737f4000003JYiSAAW","Order","EffectiveDate","005f4000002PEo1AAG","2018-05-20 01:16:58"
"737f4000003JYiTAAW","Order","InternalComments","005f4000002PEo1AAG","2018-05-20 01:16:58"
"737f4000003JYiUAAW","Order","Name","005f4000002PEo1AAG","2018-05-20 01:16:58"
"737f4000003JYiVAAW","Order","OfferExpirationDate","005f4000002PEo1AAG","2018-05-20 01:16:58"
"737f4000003JYiWAAW","Order","OrderReferenceNumber","005f4000002PEo1AAG","2018-05-20 01:16:58"
"737f4000003JYiXAAW","Order","PoDate","005f4000002PEo1AAG","2018-05-20 01:16:58"
"737f4000003JYiYAAW","Order","PoNumber","005f4000002PEo1AAG","2018-05-20 01:16:58"
"737f4000003JYiZAAW","Order","ProcessingInstruction","005f4000002PEo1AAG","2018-05-20 01:16:58"
"737f4000003JYiaAAG","Order","ShipToContact","005f4000002PEo1AAG","2018-05-20 01:16:58"
"737f4000003JYibAAG","Order","ShippingAddress","005f4000002PEo1AAG","2018-05-20 01:16:58"
"737f4000003JYicAAG","Order","Status","005f4000002PEo1AAG","2018-05-20 01:16:58"
"737f4000003JYidAAG","Order","TotalAmount","005f4000002PEo1AAG","2018-05-20 01:16:58"
"737f4000003JYieAAG","Order","Type","005f4000002PEo1AAG","2018-05-20 01:16:58"
"737f4000003JYifAAG","Solution","CurrencyIsoCode","005f4000002PEo1AAG","2018-05-20 01:16:58"
"737f4000003JYigAAG","Solution","IsPublished","005f4000002PEo1AAG","2018-05-20 01:16:58"
"737f4000003JYihAAG","Solution","IsPublishedInPublicKb","005f4000002PEo1AAG","2018-05-20 01:16:58"
"737f4000003JYiiAAG","Solution","Owner","005f4000002PEo1AAG","2018-05-20 01:16:58"
"737f4000003JYijAAG","Solution","RecordType","005f4000002PEo1AAG","2018-05-20 01:16:58"
"737f4000003JYikAAG","Solution","SolutionName","005f4000002PEo1AAG","2018-05-20 01:16:58"
"737f4000003JYilAAG","Solution","SolutionNote","005f4000002PEo1AAG","2018-05-20 01:16:58"
"737f4000003JYimAAG","Solution","Status","005f4000002PEo1AAG","2018-05-20 01:16:58"
